Symbol,Company Name,Offer Amount,Date Filed,Zipcode,Number of Employees,CIK,Lockup Expiration Date,Found
A,AGILENT TECHNOLOGIES INC,2160000000.0,1999-08-16,95051,45800,1090872,2000-02-12,1949.0
AATI,ADVANCED ANALOGIC TECHNOLOGIES INC,106000000.0,2005-04-04,95054,183,1104042,2005-10-01,1969.0
AAVL,"ADVERUM BIOTECHNOLOGIES, INC.",102000000.0,2014-06-30,94025,14,1501756,2014-12-27,2006.0
ABGX,ABGENIX INC,20000000.0,1998-04-03,94555,57,1052837,1998-09-30,1996.0
ABOV,ABOVENET COMMUNICATIONS INC,65000000.0,1998-09-10,95113,78,1026819,1999-03-09,1996.0
ACCL,ACCELGRAPHICS INC,23400000.0,1997-02-07,95112,55,947798,1997-08-06,1994.0
ACEI,PACIFIC SYSTEMS CONTROL TECHNOLOGY INC,6500000.0,1997-03-21,94065,38,1034840,1997-09-17,1997.0
ACLA,ACLARA BIOSCIENCES INC,189000000.0,2000-01-20,94043,60,1067588,2000-07-18,1995.0
ACRU,ACCRUE SOFTWARE INC,39000000.0,1999-05-27,94538,62,1087243,1999-11-23,1996.0
ADFC,ADFORCE INC,67500000.0,1999-03-02,95014,109,1080764,1999-08-29,1994.0
ADRO,"ADURO BIOTECH, INC.",119000000.0,2015-03-11,94710,53,1435049,2015-09-07,2000.0
AFFY,AFFYMAX INC,92500000.0,2006-07-28,94014,98,1158223,2007-01-24,1988.0
AGA,U S AGGREGATES INC,75000000.0,1999-05-25,94402,2000,1054422,1999-11-21,1982.0
AGIL,AGILE SOFTWARE CORP,63000000.0,1999-06-23,95119,156,1088653,1999-12-20,1995.0
AGNT,ARGONAUT TECHNOLOGIES INC,69000000.0,2000-04-27,94063,99,1112880,2000-10-24,1994.0
AKAO,"ACHAOGEN, INC.",72000000.0,2014-01-24,94080,39,1301501,2014-07-23,2002.0
AKRO,"AKERO THERAPEUTICS, INC.",86250000.0,2019-05-24,94080,10,1744659,2019-11-20,2017.0
ALLK,ALLAKOS INC.,128399994.0,2018-06-22,94065,44,1564824,2018-12-19,2012.0
ALLO,"ALLOGENE THERAPEUTICS, INC.",324000000.0,2018-09-14,94080,78,1737287,2019-03-13,2017.0
ALSM,ALPHASMART INC,26400000.0,2003-09-30,95032,90,1264388,2004-03-28,1992.0
AMCC,APPLIED MICRO CIRCUITS CORP,44424000.0,1997-10-10,95054,287,711065,1998-04-08,1979.0
ANAC,"ANACOR PHARMACEUTICALS, INC.",60000000.0,2010-09-10,94303,60,1411158,2011-03-09,2002.0
ANTH,ANTHERA PHARMACEUTICALS INC,42000000.0,2009-09-15,94545,14,1316175,2010-03-14,2004.0
AOSL,ALPHA & OMEGA SEMICONDUCTOR LTD,91547730.0,2010-03-31,94085,855,1387467,2010-09-27,2000.0
APIC,APIGEE CORP,86955000.0,2015-03-20,95113,404,1324772,2015-09-16,2004.0
ARBA,ARIBA INC,115000000.0,1999-04-23,94085,221,1084755,1999-10-20,1996.0
ARDI,"ROAD, INC",63000000.0,2000-07-13,94538,287,1109537,2001-01-09,1996.0
ARDS,"ARIDIS PHARMACEUTICALS, INC.",26000000.0,2018-07-18,95138,30,1614067,2019-01-14,2003.0
ARLO,"ARLO TECHNOLOGIES, INC.",163440000.0,2018-07-06,95134,319,1736946,2019-01-02,2014.0
ARMO,"ARMO BIOSCIENCES, INC.",128000004.0,2017-12-29,94063,21,1693664,2018-06-27,2010.0
ARYX,"ARYX THERAPEUTICS, INC.",50000000.0,2007-08-30,94555,70,1410064,2008-02-26,1997.0
ASKJ,ASK JEEVES INC,42000000.0,1999-04-30,94607,200,1054298,1999-10-27,1996.0
ASWX,ACTIVE SOFTWARE INC,38500000.0,1999-06-11,95054,120,1088147,1999-12-08,1995.0
ATEN,"A10 NETWORKS, INC.",187500000.0,2014-02-18,95134,591,1580808,2014-08-17,1990.0
ATGC,ATG INC,16150000.0,1998-02-12,94538,154,1054000,1998-08-11,1976.0
ATGN,ALTIGEN COMMUNICATIONS INC,32500000.0,1999-06-04,95134,73,1003607,1999-12-01,1994.0
ATON,ALTEON WEBSYSTEMS INC,76000000.0,1999-07-09,95119,158,1089925,2000-01-05,1996.0
ATRA,"ATARA BIOTHERAPEUTICS, INC.",55000000.0,2014-06-20,94080,15,1604464,2014-12-17,2012.0
AVNX,AVANEX CORP,216000000.0,1999-12-03,94538,251,1056794,2000-05-31,1997.0
AXTI,AXT INC,25000000.0,1998-03-17,94538,242,1051627,1998-09-13,1986.0
BARE,BARE ESCENTUALS INC,352000000.0,2006-06-30,94105,706,1295557,2006-12-27,1975.0
BBIO,"BRIDGEBIO PHARMA, INC.",225000000.0,2019-05-24,94301,152,1743881,2019-11-20,2015.0
BBSW,BROADBASE SOFTWARE INC,56000000.0,1999-07-02,94025,105,1076016,1999-12-29,1995.0
BCEL,"ATRECA, INC.",100000000.0,2019-05-24,94063,85,1532346,2019-11-20,2010.0
BE,BLOOM ENERGY CORP,270000000.0,2018-06-12,95134,1409,1664703,2018-12-09,2001.0
BEBE,"BEBE STORES, INC.",27500000.0,1998-04-17,94005,940,1059272,1998-10-14,1976.0
BEOS,BE INC,36000000.0,1999-05-06,94043,93,895921,1999-11-02,1990.0
BFRM,BIOFORM MEDICAL INC,80000000.0,2007-08-20,94402,294,1282393,2008-02-16,1999.0
BFUN,BAM ENTERTAINMENT INC,40000000.0,2001-06-06,95113,47,1132809,2001-12-03,1999.0
BLZE,BLAZE SOFTWARE INC,64000000.0,2000-01-12,95113,128,1103088,2000-07-10,1985.0
BNNY,"ANNIE'S, INC.",95000000.0,2011-12-01,94710,86,1431897,2012-05-29,2004.0
BRE.B,BRE PROPERTIES INC /MD/,75000000.0,2001-09-04,94105,750,1011174,2002-03-03,1970.0
BRYO,BRIO SOFTWARE INC,31900000.0,1998-03-03,95054,200,1056294,1998-08-30,1989.0
BWEB,BACKWEB TECHNOLOGIES LTD,66000000.0,1999-06-03,95110,158,1082064,1999-11-30,1995.0
CALA,"CALITHERA BIOSCIENCES, INC.",80000000.0,2014-08-25,94080,36,1496671,2015-02-21,2010.0
CALL,FUZEBOX SOFTWARE CORP,40000000.0,2004-05-13,94105,93,1115091,2004-11-09,1987.0
CALX,"CALIX, INC",82276116.0,2009-11-20,95134,407,1406666,2010-05-19,1999.0
CAPN,SOLENO THERAPEUTICS INC,10725000.0,2014-06-10,94065,9,1484565,2014-12-07,1999.0
CAVM,"CAVIUM, INC.",91125000.0,2007-02-13,95131,177,1175609,2007-08-12,2000.0
CDNA,"CAREDX, INC.",40000000.0,2014-06-03,94005,55,1217234,2014-11-30,1998.0
CGLD,CYBERGOLD INC,45000000.0,1999-05-21,94612,62,1086937,1999-11-17,1994.0
CGTK,"ANESIVA, INC.",96000000.0,2003-12-04,94080,72,1131517,2004-06-01,1999.0
CHRD,CHORDIANT SOFTWARE INC,81000000.0,1999-12-06,95014,144,1042134,2000-06-03,1991.0
CLDR,"CLOUDERA, INC.",225000000.0,2017-03-31,94304,1470,1535379,2017-09-27,2008.0
CLIC,CALICO COMMERCE INC/,56000000.0,1999-07-15,95110,210,1081154,2000-01-11,1965.0
CLRN,CLARENT CORP/DE,60000000.0,1999-04-09,94063,155,1068292,1999-10-06,1996.0
CMBY,"CYMABAY THERAPEUTICS, INC.",57282465.0,2013-11-29,94560,13,1042074,2014-05-28,1988.0
CMDT,ISHARES COMMODITY OPTIMIZED TRUST,1023000000.0,2011-12-07,94105, -- ,1535365,2012-06-04,2010.0
CMPL,FATBRAIN COM INC,30000000.0,1998-11-17,95051,165,1066010,1999-05-16,1994.0
CMRC,COMMERCE ONE INC,69300000.0,1999-04-26,94588,357,1069450,1999-10-23,1994.0
CMTN,COPPER MOUNTAIN NETWORKS INC,84000000.0,1999-03-01,94303,154,1031951,1999-08-28,1996.0
CMTO,COM21 INC,60000000.0,1998-03-17,95035,136,945379,1998-09-13,1992.0
CNDO,CRESCENDO PHARMACEUTICALS CORP,62068375.0,1997-07-15,94304, -- ,1042138,1998-01-11,1990.0
COINU,"FINJAN HOLDINGS, INC.",9900000.0,2006-06-21,94303,4,1366340,2006-12-18,1996.0
CONR,CONOR MEDSYSTEMS INC,78000000.0,2004-09-22,94025,62,1108271,2005-03-21,1999.0
CORT,CORCEPT THERAPEUTICS INC,54000000.0,2004-02-10,94025,14,1088856,2004-08-08,1974.0
COSN,COSINE COMMUNICATIONS INC,230000000.0,2000-04-28,94065,428,1060824,2000-10-25,1998.0
COUP,QUOTIENT TECHNOLOGY INC.,168000000.0,2014-01-31,94043,469,1115128,2014-07-30,1998.0
CPHD,CEPHEID,30000000.0,2000-04-07,94089,76,1037760,2000-10-04,1996.0
CPTH,CRITICAL PATH INC,108000000.0,1999-01-29,94105,133,1060801,1999-07-28,1997.0
CRDC,DEX LIQUIDATING CO.,35000000.0,2005-11-04,94063,42,1178104,2006-05-03,1997.0
CRDM,CARDIMA INC,15925000.0,1997-03-13,94538,74,1022570,1997-09-09,1992.0
CRIO,CORIO INC,140000000.0,2000-04-21,94070,456,1111001,2000-10-18,1998.0
CRM,SALESFORCE COM INC,110000000.0,2003-12-18,94105,518,1108524,2004-06-15,1999.0
CRWD,"CROWDSTRIKE HOLDINGS, INC.",476100000.0,2019-05-14,94086,1455,1535527,2019-11-10,2011.0
CSLT,"CASTLIGHT HEALTH, INC.",177600000.0,2014-02-10,94105,287,1433714,2014-08-09,1926.0
CTLM,CENTILLIUM COMMUNICATIONS INC,76000000.0,2000-02-18,94539,176,1107194,2000-08-16,1997.0
CTRX,COTHERIX INC,30000000.0,2004-03-11,94080,33,1138812,2004-09-07,2000.0
CUTR,CUTERA INC,49448000.0,2004-01-15,94005,112,1162461,2004-07-13,1998.0
CWLD,CROSSWORLDS SOFTWARE INC,40000000.0,2000-02-03,94010,235,1037834,2000-08-01,1956.0
CYBS,CYBERSOURCE CORP,40000000.0,1999-04-30,94043,146,934280,1999-10-27,1994.0
CYTK,CYTOKINETICS INC,89700000.0,2004-01-27,94080,163,1061983,2004-07-25,1997.0
DBX,"DROPBOX, INC.",756000000.0,2018-02-23,94107,1858,1467623,2018-08-22,2007.0
DCNT,DOCENT INC,88000000.0,2000-04-11,94043,205,1043134,2000-10-08,1997.0
DDUP,"DATA DOMAIN, INC.",105000000.0,2007-03-30,95054,246,1391984,2007-09-26,2001.0
DERM,"DERMIRA, INC.",125000000.0,2014-08-27,94025,25,1557883,2015-02-23,1987.0
DITC,DITECH NETWORKS INC,33000000.0,1999-03-25,94043,90,1080667,1999-09-21,1983.0
DLB,"DOLBY LABORATORIES, INC.",495000000.0,2004-11-19,94103,779,1308547,2005-05-18,1965.0
DLM,DEL MONTE FOODS CO,300000000.0,1998-03-19,94111,2660,866873,1998-09-15,1901.0
DMAN,"DEMANDTEC, INC.",66000000.0,2007-05-24,94403,218,1400400,2007-11-20,1999.0
DNA,GENENTECH INC,1700000000.0,1999-06-15,94080, -- ,318771,1999-12-12,1975.0
DOTAU,DRAPER OAKWOOD TECHNOLOGY ACQUISITION INC.,50000000.0,2017-08-25,94401,2,1705771,2018-02-21,2017.0
DRRX,DURECT CORP,84000000.0,2000-04-20,95014,70,1082038,2000-10-17,1998.0
DTHK,DIGITALTHINK INC,61600000.0,1999-12-09,94107,200,1100514,2000-06-06,1996.0
DVAX,DYNAVAX TECHNOLOGIES CORP,45000000.0,2003-10-24,94710,44,1029142,2004-04-21,1996.0
EB,"EVENTBRITE, INC.",230000000.0,2018-08-23,94103,1016,1475115,2019-02-19,2006.0
ECOC,AMERICAN BRIVISION (HOLDING) CORP,1980000.0,2002-06-28,94538,0,1173313,2002-12-25,2015.0
EELN,E LOAN INC,49000000.0,1999-03-24,94588,237,1082337,1999-09-20,1996.0
EGAN,EGAIN CORP,60000000.0,1999-07-22,94089,155,1066194,2000-01-18,1997.0
EGHT,8X8 INC /DE/,23400000.0,1997-02-04,95131,98,1023731,1997-08-03,1987.0
EGRT,EGREETINGS NETWORK INC,60000000.0,1999-10-07,94105,148,1083992,2000-04-04,1994.0
EIDX,"EIDOS THERAPEUTICS, INC.",106250000.0,2018-05-25,94104,14,1731831,2018-11-21,2013.0
ELOQ,ELOQUENT INC,72000000.0,1999-10-22,94402,138,1003265,2000-04-19,1995.0
EMBT,EMBARCADERO TECHNOLOGIES INC,42000000.0,2000-02-22,94111,105,1107112,2000-08-20,1993.0
ENWV,ENDWAVE CORP,84000000.0,2000-07-12,95134,448,1118941,2001-01-08,1991.0
EONC,"INVENTERGY GLOBAL, INC.",43200000.0,1999-04-26,95014,249,1084752,1999-10-23,1991.0
EPNY,E PIPHANY INC,66400000.0,1999-07-14,94402,167,1089613,2000-01-10,1997.0
EPOC,EPOCRATES INC,85760000.0,2010-07-16,94403,292,1096738,2011-01-12,1998.0
EXDS,EXDS INC,67500000.0,1998-01-16,95054,220,1013740,1998-07-15,1995.0
EXEL,"EXELIXIS, INC.",118300000.0,2000-02-07,94502,168,939767,2000-08-05,1994.0
EXTN,EXTENSITY INC,80000000.0,1999-11-15,94608,175,1096473,2000-05-13,1995.0
EXTR,EXTREME NETWORKS INC,119000000.0,1999-02-05,95119,159,1078271,1999-08-04,1988.0
FCS,FAIRCHILD SEMICONDUCTOR INTERNATIONAL INC,370000000.0,1999-05-14,95134,8090,1036960,1999-11-10,1964.0
FCST,FLYCAST COMMUNICATIONS CORP,75000000.0,1999-02-05,94105,86,1078292,1999-08-04,1996.0
FDJA,FAROUDJA INC,18000000.0,1997-07-30,94086,75,1034365,1998-01-26,1971.0
FDRY,FOUNDRY NETWORKS LLC,125000000.0,1999-07-09,95110,131,1090071,2000-01-05,1996.0
FIT,FITBIT INC,731500000.0,2015-05-07,94105,579,1447599,2015-11-03,2007.0
FORM,FORMFACTOR INC,84000000.0,2002-04-22,94551,299,1039399,2002-10-19,1913.0
FRCCO,FIRST REPUBLIC PREFERRED CAPITAL CORP,60000000.0,2003-06-16,94111,0,1143834,2003-12-13,1999.0
FSCT,"FORESCOUT TECHNOLOGIES, INC",116160000.0,2017-10-02,95134,809,1145057,2018-03-31,2000.0
FSHP,APTIMUS INC,38400000.0,1999-06-21,94105,102,1087277,1999-12-18,1994.0
FSLY,"FASTLY, INC.",180000000.0,2019-04-19,94107,489,1517413,2019-10-16,2011.0
FTNT,"FORTINET, INC.",156250000.0,2009-08-10,94086,1196,1262039,2010-02-06,2000.0
FTSV,"FORTY SEVEN, INC.",112560000.0,2018-06-01,94025,46,1667633,2018-11-28,2014.0
GH,"GUARDANT HEALTH, INC.",237500000.0,2018-09-06,94063,348,1576280,2019-03-05,2011.0
GHDX,GENOMIC HEALTH INC,60200664.0,2005-07-15,94063,117,1131324,2006-01-11,2000.0
GIG'U,"GIGCAPITAL, INC.",125000000.0,2017-11-15,94303,2,1719489,2018-05-14,2017.0
GIX'U,"GIGCAPITAL2, INC.",149500000.0,2019-05-09,94111,2,1770141,2019-11-05,2017.0
GNOM,COMPLETE GENOMICS INC,54000000.0,2010-07-30,94043,167,1361103,2011-01-26,1996.0
GO,GROCERY OUTLET HOLDING CORP.,100000000.0,2019-05-13,94608,906,1771515,2019-11-09,1946.0
GRTS,"GRITSTONE ONCOLOGY, INC.",100000005.0,2018-08-23,94608,100,1656634,2019-02-19,2015.0
GSG,ISHARES S&P GSCI COMMODITY-INDEXED TRUST,697480000.0,2005-07-22,94105, -- ,1332174,2006-01-18,2006.0
GSIT,GSI TECHNOLOGY INC,33721111.0,2007-01-10,94089,100,1126741,2007-07-09,1995.0
HAIR,"RESTORATION ROBOTICS, INC.",25025000.0,2017-09-01,95134,91,1409269,2018-02-28,2002.0
HARP,"HARPOON THERAPEUTICS, INC.",75600000.0,2018-12-27,94080,45,1708493,2019-06-25,1986.0
HEM,HEMOSENSE INC,19250000.0,2005-03-31,95134,73,1127393,2005-09-27,1997.0
HIVE,"AEROHIVE NETWORKS, INC",75000000.0,2014-02-13,95035,520,1372414,2014-08-12,2006.0
HNSN,HANSEN MEDICAL INC,75000000.0,2006-08-16,94043,93,1276591,2007-02-12,2002.0
HPLA,HPL TECHNOLOGIES INC,66000000.0,2001-05-29,95110,33,1121980,2001-11-25,1989.0
HYBR,HYBRID NETWORKS INC,37800000.0,1997-09-19,95120,83,900091,1998-03-18,1978.0
IAWK,IASIAWORKS INC,117000000.0,2000-04-20,94403,210,1110992,2000-10-17,1995.0
IBEM,IBEAM BROADCASTING CORP,110000000.0,2000-02-01,94086,265,1098570,2000-07-30,1998.0
ICHR,"ICHOR HOLDINGS, LTD.",52900002.0,2016-11-14,94538,530,1652535,2017-05-13,1999.0
IDYA,"IDEAYA BIOSCIENCES, INC.",50000000.0,2019-04-26,94080,58,1676725,2019-10-23,2015.0
IKAN,"IKANOS COMMUNICATIONS, INC.",76800000.0,2004-06-25,94538,154,1219210,2004-12-22,1999.0
IMPC,IMPAC MEDICAL SYSTEMS INC,32812500.0,2002-06-04,94041,242,1026448,2002-12-01,1990.0
IMPV,IMPROVENET INC,8000000.0,1999-12-16,94063,198,1043561,2000-06-13,1996.0
IMSX,INTERNATIONAL MANUFACTURING SERVICES INC,57500000.0,1997-08-28,95131,2412,1018797,1998-02-24,1982.0
INFA,INFORMATICA LLC,44000000.0,1999-02-19,94063,200,1080099,1999-08-18,1993.0
INFN,INFINERA CORP,182000000.0,2007-02-26,94089,617,1138639,2007-08-25,1968.0
INGE,INGENUUS CORP,78000000.0,1997-03-06,94086,127,1031911,1997-09-02,1991.0
INKT,INKTOMI CORP,40572000.0,1998-04-16,94404,89,1024302,1998-10-13,1996.0
INSN,INSILICON CORP,42000000.0,2000-01-13,95134,78,1099425,2000-07-11,1999.0
IPAS,IPASS INC,98000000.0,2003-01-24,94065,305,1053374,2003-07-23,1996.0
IPOAU,SOCIAL CAPITAL HEDOSOPHIA HOLDINGS CORP.,600000000.0,2017-08-23,94301,5,1706946,2018-02-19,2017.0
IPRT,IPRINT TECHNOLOGIES INC,45000000.0,1999-12-01,94025,168,1099795,2000-05-29,1996.0
IRTC,"IRHYTHM TECHNOLOGIES, INC.",107000006.0,2016-09-23,94103,373,1388658,2017-03-22,2006.0
ISIL,INTERSIL CORP/DE,500000000.0,2000-01-21,95035,5693,1096325,2000-07-19,1980.0
ISLD,DIGITAL ISLAND INC,60000000.0,1999-04-26,94105,146,1084329,1999-10-23,1994.0
ISLT,"IXI MOBILE, INC.",36000000.0,2005-03-15,94002,3,1319644,2005-09-11,2000.0
ITMN,INTERMUNE INC,125000000.0,2000-02-02,94005,23,1087432,2000-07-31,1998.0
ITRU,INTERTRUST TECHNOLOGIES CORP,117000000.0,1999-07-29,95054,144,1089717,2000-01-25,1990.0
IVII,INTERVIDEO INC,39200000.0,2003-01-30,94538,218,1114084,2003-07-29,1998.0
IWOV,INTERWOVEN INC,53550000.0,1999-07-27,95134,159,1042431,2000-01-23,1995.0
JAGX,"JAGUAR HEALTH, INC.",20020000.0,2014-08-27,94105,17,1585608,2015-02-23,2013.0
JMP,JMP GROUP INC.,87990078.0,2007-02-14,94111,187,1383803,2007-08-13,1999.0
JNPR,JUNIPER NETWORKS INC,163200000.0,1999-04-21,94089,190,1043604,1999-10-18,1996.0
JTFX,EFAX COM INC,28000000.0,1997-03-21,94025,86,872901,1997-09-17,1988.0
KEYN,KEYNOTE SYSTEMS INC,56000000.0,1999-07-13,94404,76,1032761,2000-01-09,1995.0
KFN,KKR FINANCIAL CORP,800000016.0,2005-04-15,94104,0,1301508,2005-10-12,2004.0
KIN,"KINDRED BIOSCIENCES, INC.",52500000.0,2013-11-08,94010,9,1561743,2014-05-07,2012.0
KOD,KODIAK SCIENCES INC.,90000000.0,2018-09-07,94304,28,1468748,2019-03-06,2009.0
KZR,"KEZAR LIFE SCIENCES, INC.",75000000.0,2018-05-24,94080,20,1645666,2018-11-20,2015.0
LATD,LATITUDE COMMUNICATIONS INC,36000000.0,1999-02-25,95054,121,1078425,1999-08-24,1993.0
LAVA,MAGMA DESIGN AUTOMATION INC,63050000.0,2001-05-14,95110,201,1065034,2001-11-10,1997.0
LBRT,LIBERATE TECHNOLOGIES,100000000.0,1999-05-19,94301,228,1085776,1999-11-15,1995.0
LC,LENDINGCLUB CORP,865500000.0,2014-08-27,94105,742,1409970,2015-02-23,2006.0
LDIS,LEADIS TECHNOLOGY INC,84000000.0,2004-03-24,94086,67,1130626,2004-09-20,2000.0
LEVI,LEVI STRAUSS & CO,623333339.0,2019-02-13,94111,14400,94845,2019-08-12,1853.0
LEXR,LEXAR MEDIA INC,52000000.0,2000-02-16,94538,168,1058289,2000-08-14,1993.0
LF,LEAPFROG ENTERPRISES INC,117000000.0,2002-04-24,94608,503,1138951,2002-10-21,1995.0
LNKD,LINKEDIN CORP,352800000.0,2011-01-27,94085,1288,1271024,2011-07-26,2003.0
LOOK,LOOKSMART LTD,92400000.0,1999-06-14,94105,465,1077866,1999-12-11,1996.0
LOOP,"LOOPNET, INC.",72000000.0,2006-03-01,94107,145,1353209,2006-08-28,1997.0
LYFT,"LYFT, INC.",2340000000.0,2019-03-01,94107,4791,1759509,2019-08-28,2007.0
MAXY,MAXYGEN INC,96000000.0,1999-10-20,94402,126,1068796,2000-04-17,1997.0
MDLA,"MEDALLIA, INC.",100000000.0,2019-06-21,94402,1258,1540184,2019-12-18,
MEND,MICRUS ENDOVASCULAR CORP,35750000.0,2005-03-04,95131,131,1028318,2005-08-31,1996.0
MIRM,"MIRUM PHARMACEUTICALS, INC.",86250000.0,2019-06-21,94404,24,1759425,2019-12-18,
MLNX,"MELLANOX TECHNOLOGIES, LTD.",102000000.0,2006-09-28,94085,171,1356104,2007-03-27,1999.0
MMCN,MMC NETWORKS INC,38500000.0,1997-08-20,94086,84,1044660,1998-02-16,1992.0
MNLO,MENLO THERAPEUTICS INC.,119000000.0,2017-12-28,94063,32,1566044,2018-06-26,2011.0
MOBL,"MOBILEIRON, INC.",99999999.0,2014-04-07,94043,632,1470099,2014-10-04,2007.0
MODN,"MODEL N, INC.",104470000.0,2013-02-13,94404,600,1118417,2013-08-12,1999.0
MPTH,HEARME,70200000.0,1999-02-16,94043,111,1078693,1999-08-15,1995.0
MRBA,MARIMBA INC,80000000.0,1999-02-12,94043,162,1078295,1999-08-11,1996.0
MRIN,MARIN SOFTWARE INC,105000000.0,2013-02-13,94105,424,1389002,2013-08-12,2006.0
MULE,"MULESOFT, INC",221000000.0,2017-02-17,94108,841,1374684,2017-08-16,2003.0
MYPT,MYPOINTS COM INC,40000000.0,1999-04-02,94105,123,1082797,1999-09-29,1996.0
N,NETSUITE INC,161200000.0,2007-07-02,94403,603,1117106,2007-12-29,1998.0
NBY,"NOVABAY PHARMACEUTICALS, INC.",20000000.0,2007-02-14,94608,33,1389545,2007-08-13,2000.0
NCNT,NETCENTIVES INC,72000000.0,1999-07-22,94107,149,1081404,2000-01-18,1996.0
NEBUU,NEBULA ACQUISITION CORP,250000000.0,2017-12-18,94111,3,1720353,2018-06-16,2017.0
NEOF,NEOFORMA INC,91000000.0,1999-10-15,95134,269,1096219,2000-04-12,1996.0
NETO,NETOBJECTS INC,72000000.0,1999-02-05,94063,155,1009386,1999-08-04,1995.0
NGM,NGM BIOPHARMACEUTICALS INC,106666672.0,2018-09-28,94080,164,1426332,2019-03-27,2007.0
NGSX,NEUROGESX INC,44000000.0,2007-02-07,94404,37,1385830,2007-08-06,1998.0
NIKU,NIKU CORP,192000000.0,1999-12-22,94063,400,1076641,2000-06-19,1998.0
NMIH,"NMI HOLDINGS, INC.",641233420.8,2013-06-21,94608, -- ,1547903,2013-12-18,2011.0
NMTC,NUMERICAL TECHNOLOGIES INC,77476000.0,2000-01-28,95134,105,1091226,2000-07-26,1995.0
NOW,"SERVICENOW, INC.",209700000.0,2012-03-30,95054,728,1373715,2012-09-26,2004.0
NPNT,NORTHPOINT COMMUNICATIONS GROUP INC,360000000.0,1999-03-31,94608,506,1080558,1999-09-27,1997.0
NSDA,NASSDA CORP,55000000.0,2001-09-04,95051,64,1157624,2002-03-03,1998.0
NTFY,NOTIFY TECHNOLOGY CORP,8000000.0,1997-03-14,95129,14,1031980,1997-09-10,1994.0
NTIQ,NETIQ CORP,39000000.0,1999-05-26,95134,111,1084827,1999-11-22,1976.0
NTNX,"NUTANIX, INC.",237920000.0,2015-12-22,95110,1980,1618732,2016-06-19,2009.0
NTVN,MAXUS TECHNOLOGY CORP,25000000.0,1999-03-17,95037,29,1054709,1999-09-13,1993.0
NUAN,NUANCE COMMUNICATIONS,76500000.0,2000-02-04,94025,258,1102556,2000-08-02,1994.0
NVDA,NVIDIA CORP,42000000.0,1998-03-06,95051,184,1045810,1998-09-02,1993.0
NVTA,INVITAE CORP,101600000.0,2015-01-09,94103,161,1501134,2015-07-08,2010.0
NXCD,NEXTCARD INC,120000000.0,1999-03-19,94105,135,1081015,1999-09-15,1997.0
OGNC,ORGANIC INC,110000000.0,1999-11-24,94107,681,1093709,2000-05-22,1993.0
OKTA,"OKTA, INC.",187000000.0,2017-03-13,94105,898,1660134,2017-09-09,2009.0
OPLK,OPLINK COMMUNICATIONS INC,246600000.0,2000-07-14,94538,648,1022225,2001-01-10,1995.0
OTEC,ORATEC INTERVENTIONS INC,56000000.0,2000-01-31,94025,213,1037165,2000-07-29,1993.0
PALM,PALM INC,874000000.0,1999-12-13,94085,652,1100389,2000-06-10,1992.0
PAR,3PAR INC.,105000000.0,2007-08-14,94538,370,1408501,2008-02-10,1986.0
PAY,"VERIFONE SYSTEMS, INC.",154000000.0,2005-01-11,95134,858,1312073,2005-07-10,1985.0
PD,"PAGERDUTY, INC.",217680000.0,2019-03-15,94103,524,1568100,2019-09-11,2009.0
PEOP,PEOPLEPC INC,85000000.0,2000-04-05,94111,151,1109551,2000-10-02,1999.0
PFPT,PROOFPOINT INC,82282473.0,2011-12-14,94089,376,1212458,2012-06-11,2002.0
PHST,PHARSIGHT CORP,30000000.0,2000-04-17,94041,92,1040853,2000-10-14,1995.0
PINS,"PINTEREST, INC.",1425000000.0,2019-03-22,94103,1797,1506293,2019-09-18,2008.0
PLAN,"ANAPLAN, INC.",263500000.0,2018-09-14,94105,1102,1540755,2019-03-13,1989.0
PLRX,PARAGON FINANCIAL CORP,96000000.0,1999-07-08,94080,154,1089979,2000-01-04,1997.0
PLSE,"PULSE BIOSCIENCES, INC.",20000000.0,2015-12-22,94545,12,1625101,2016-06-19,1957.0
PLXT,PLX TECHNOLOGY INC,29700000.0,1999-02-04,94085,71,850579,1999-08-03,1984.0
POWI,POWER INTEGRATIONS INC,32000000.0,1997-09-11,95138,121,833640,1998-03-10,1988.0
PRBZ,PROBUSINESS SERVICES INC,27500000.0,1997-03-12,94588,377,1028751,1997-09-08,1984.0
PRNB,PRINCIPIA BIOPHARMA INC.,106250000.0,2018-08-17,94080,53,1510487,2019-02-13,2008.0
PRSF,PORTAL SOFTWARE INC,56000000.0,1999-02-26,95014,303,1080306,1999-08-25,1985.0
PRSW,PERSISTENCE SOFTWARE INC,33000000.0,1999-04-23,94402,81,1084400,1999-10-20,1991.0
PSEM,PERICOM SEMICONDUCTOR CORP,22500000.0,1997-09-10,95035,137,1001426,1998-03-09,1990.0
PSNL,"PERSONALIS, INC.",115000000.0,2019-05-23,94025,147,1527753,2019-11-19,2011.0
PTVL,PREVIEW TRAVEL INC,27500000.0,1997-10-03,94111,172,1047121,1998-04-01,1985.0
PXLW,"PIXELWORKS, INC",57500000.0,2000-02-25,95110,88,1040161,2000-08-23,1997.0
PYPL,PAYPAL INC,70200000.0,2001-09-28,94303,618,1103415,2002-03-27,1998.0
QKKA,QUOKKA SPORTS INC,60000000.0,1999-04-23,94107,186,1037737,1999-10-20,1996.0
QNST,"QUINSTREET, INC",150000000.0,2009-11-19,94404,568,1117297,2010-05-18,1999.0
QTNA,QUANTENNA COMMUNICATIONS INC,107200000.0,2016-09-29,95131,303,1370702,2017-03-28,2005.0
RAMP,RAMP NETWORKS INC,44000000.0,1999-04-16,95054,103,1084145,1999-10-13,1994.0
RBAK,REDBACK NETWORKS INC,57500000.0,1999-03-16,95134,127,1081290,1999-09-12,1996.0
RBO,RIBOGENE INC / CA/,16100000.0,1997-10-27,94545,26,924654,1998-04-25,1989.0
RCUS,"ARCUS BIOSCIENCES, INC.",120000000.0,2018-02-16,94545,83,1724521,2018-08-15,2015.0
REAL,"THEREALREAL, INC.",100000000.0,2019-05-31,94133,1748,1573221,2019-11-27,2011.0
RLYP,RELYPSA INC,75350000.0,2013-09-27,94063,69,1416792,2014-03-26,2007.0
RMBS,RAMBUS INC,33000000.0,1997-03-06,94089,108,917273,1997-09-02,1990.0
RNVS,RENOVIS INC,66000000.0,2003-10-17,94080,72,1118361,2004-04-14,2000.0
ROKU,"ROKU, INC",219352000.0,2017-09-01,95032,696,1428439,2018-02-28,2002.0
RPTR,REPEATER TECHNOLOGIES INC,42750000.0,2000-02-28,94089,95,1052246,2000-08-26,1983.0
RPXC,RPX CORP,160178265.0,2011-01-21,94105,66,1509432,2011-07-20,2008.0
RVNC,"REVANCE THERAPEUTICS, INC.",96000000.0,2013-12-31,94560,64,1479290,2014-06-29,1999.0
SABA,SABA SOFTWARE INC,60000000.0,2000-01-31,94065,357,1070380,2000-07-29,1997.0
SAGI,SAGE INC/CA,36000000.0,1999-08-30,95131,74,1063662,2000-02-26,1994.0
SALN,SALON MEDIA GROUP INC,26250000.0,1999-04-19,94102,99,1084332,1999-10-16,1995.0
SCNT,SCIENT CORP,60000000.0,1999-03-19,94111,260,1081394,1999-09-15,1997.0
SFIX,"STITCH FIX, INC.",120000000.0,2017-10-19,94104,5800,1576942,2018-04-17,2011.0
SFLY,SHUTTERFLY INC,87000000.0,2006-06-29,94065,208,1125920,2006-12-26,1999.0
SFSF,"SUCCESSFACTORS, INC.",107900000.0,2007-07-20,94404,697,1402305,2008-01-16,2001.0
SHOP,SHOPPING COM LTD,123680880.0,2004-03-23,94005,297,1108482,2004-09-19,1972.0
SHOR,SHORETEL INC,75050000.0,2007-02-12,94085,250,1388133,2007-08-11,1966.0
SIBN,"SI-BONE, INC.",108000000.0,2018-09-20,95050,168,1459839,2019-03-19,2008.0
SIMG,SILICON IMAGE INC,46800000.0,1999-07-23,94085,66,1003214,2000-01-19,1995.0
SIRF,SIRF TECHNOLOGY HOLDINGS INC,132000000.0,2004-02-10,95112,152,1163943,2004-08-08,1995.0
SMLR,"SEMLER SCIENTIFIC, INC.",10010000.0,2013-11-15,95112,12,1554859,2014-05-14,2007.0
SMOD,"SMART MODULAR TECHNOLOGIES (WWH), INC.",163636362.0,2005-10-19,94560,1079,1326973,2006-04-17,1988.0
SNOW,IGN ENTERTAINMENT INC,68750000.0,1999-12-23,94005,260,1101547,2000-06-20,1991.0
SNWL,SONICWALL INC,56000000.0,1999-08-27,95124,53,1093885,2000-02-23,1991.0
SNX,SYNNEX CORP,78300000.0,2003-09-05,94538,1540,1177394,2004-03-03,1980.0
SOMN,SOMNUS MEDICAL TECHNOLOGIES INC,42000000.0,1997-09-11,94086,58,1026405,1998-03-10,1996.0
SONM,SONIM TECHNOLOGIES INC,39285719.0,2019-04-15,94402,321,1178697,2019-10-12,1999.0
SPLI,SPECTRA  PHYSICS INC,24000000.0,1997-10-21,94043,768,1047385,1998-04-19,1961.0
SPWR,SUNPOWER CORP,138600000.0,2005-08-25,95134,762,867773,2006-02-21,1985.0
SQ,"SQUARE, INC.",243000000.0,2015-10-14,94103,1282,1512673,2016-04-11,2009.0
SRNA,SERENA SOFTWARE INC,78000000.0,1998-11-23,94404,186,1073967,1999-05-22,1988.0
SSTI,"SHOTSPOTTER, INC",30800000.0,2017-05-02,94560,76,1351636,2017-10-29,1978.0
STRO,"SUTRO BIOPHARMA, INC.",85005000.0,2018-08-29,94080,128,1382101,2019-02-25,1987.0
SVMK,SVMK INC.,180000000.0,2018-08-29,94403,761,1739936,2019-02-25,1999.0
SWAV,"SHOCKWAVE MEDICAL, INC.",96900000.0,2019-02-08,94539,162,1642545,2019-08-07,2009.0
SWNT,BEYOND COM CORP,45000000.0,1998-04-27,95054,75,1060531,1998-10-24,1994.0
SYNP,SYNPLICITY INC,34400000.0,2000-07-25,94086,156,1027362,2001-01-21,1994.0
TCDA,"TRICIDA, INC.",222300000.0,2018-06-04,94080,61,1595585,2018-12-01,2013.0
TCTY,"LIVEWORLD, INC.",60000000.0,1999-04-30,95129,82,1080088,1999-10-27,1996.0
THRM,SOLTA MEDICAL INC,42000000.0,2006-08-10,94545,150,1171298,2007-02-06,1996.0
THRX,"INNOVIVA, INC.",98400000.0,2004-06-10,94005,232,1080014,2004-12-07,1981.0
TIBX,TIBCO SOFTWARE INC,109500000.0,1999-05-11,94304,342,1085280,1999-11-07,1985.0
TIVO,TIVO SOLUTIONS INC.,88000000.0,1999-07-22,95002,100,1088825,2000-01-18,1997.0
TLCT,DIRECTV BROADBAND INC,132000000.0,2000-01-07,95014,256,1102448,2000-07-05,1999.0
TLEO,TALEO CORP,93800000.0,2004-03-31,94568,516,1134203,2004-09-27,1996.0
TLRK,TULARIK INC,97300000.0,1999-10-15,94080,204,889057,2000-04-12,1991.0
TMWD,TUMBLEWEED COMMUNICATIONS CORP,48000000.0,1999-05-28,94063,75,1022509,1999-11-24,1993.0
TNET,TRINET GROUP INC,240000000.0,2013-11-21,94568,1783,937098,2014-05-20,1989.0
TRCA,TERCICA INC,49500000.0,2003-09-12,94005,41,1262175,2004-03-10,2000.0
TRGT,"CATALYST BIOSCIENCES, INC.",45000000.0,2006-01-17,94080,74,1124105,2006-07-16,1997.0
TRNO,TERRENO REALTY CORP,175000000.0,2009-11-10,94108,6,1476150,2010-05-09,1977.0
TRTX,"TPG RE FINANCE TRUST, INC.",220000000.0,2017-04-25,94104,0,1630472,2017-10-22,2014.0
TSLA,"TESLA, INC.",226100000.0,2010-01-29,94304,646,1318605,2010-07-28,2003.0
TSRA,TESSERA TECHNOLOGIES INC,97500000.0,2003-09-04,95134,84,1261694,2004-03-02,1990.0
TSTN,TURNSTONE SYSTEMS INC,87000000.0,1999-11-22,95050,73,1054131,2000-05-20,1998.0
TVIA,TVIA INC,55000000.0,2000-04-04,95054,102,1109279,2000-10-01,1993.0
TWAV,THERMA WAVE INC,180000000.0,1999-04-09,94539,352,828119,1999-10-06,1986.0
TWLL,TECHWELL INC,49500000.0,2006-01-11,95134,81,1171529,2006-07-10,1997.0
TWLO,TWILIO INC,150000000.0,2016-05-26,94105,567,1447669,2016-11-22,2008.0
TWPG,"THOMAS WEISEL PARTNERS GROUP, INC.",90000000.0,2005-10-19,94104,544,1340354,2006-04-17,1998.0
TWST,TWIST BIOSCIENCE CORP,70000000.0,2018-10-03,94158,221,1581280,2019-04-01,2013.0
UBER,"UBER TECHNOLOGIES, INC",8100000000.0,2019-04-11,94103,22263,1543151,2019-10-08,2009.0
UBX,"UNITY BIOTECHNOLOGY, INC.",85000000.0,2018-04-05,94005,67,1463361,2018-10-02,2016.0
UCTT,"ULTRA CLEAN HOLDINGS, INC.",42000000.0,2004-01-14,94545,285,1275014,2004-07-12,1991.0
UPWK,UPWORK INC.,187150395.0,2018-09-06,94043,395,1627475,2019-03-05,2015.0
USIT,U S INTERACTIVE INC/PA,46150000.0,1999-05-19,95014,254,1086637,1999-11-15,1991.0
USWB,USWEB CORP,37500000.0,1997-09-30,94107,431,1010724,1998-03-29,1995.0
VATA,VERSATA INC,92400000.0,1999-12-10,94612,333,1034397,2000-06-07,1991.0
VCNT,VICINITY CORP,119000000.0,1999-11-03,94303,131,1029784,2000-05-01,1995.0
VCYT,"VERACYTE, INC.",65000000.0,2013-09-20,94080,107,1384101,2014-03-19,2006.0
VEEV,VEEVA SYSTEMS INC,260900000.0,2013-09-11,94588,593,1393052,2014-03-10,2007.0
VIAD,VIADOR INC,36000000.0,1999-07-29,94085,108,1089026,2000-01-25,1995.0
VITR,VITRIA TECHNOLOGY INC,48000000.0,1999-06-22,94086,180,1050808,1999-12-19,1994.0
VLGC,"MONOGRAM BIOSCIENCES, INC.",35000000.0,2000-02-22,94080,110,1094961,2000-08-20,1995.0
VLTR,VOLTERRA SEMICONDUCTOR CORP,36000000.0,2004-05-19,94538,109,1050550,2004-11-15,1996.0
VXGN,"DIADEXUS, INC.",40300000.0,1999-05-07,94080,52,1036968,1999-11-03,1996.0
WATT,ENERGOUS CORP,24000000.0,2014-01-24,95134,9,1575793,2014-07-23,2012.0
WBVN,WEBVAN GROUP INC,375000000.0,1999-08-06,94404,630,1092657,2000-02-02,1997.0
WINK,WINK COMMUNICATIONS INC,76000000.0,1999-06-08,94501,99,1062157,1999-12-05,1983.0
WMUX,PROXIM CORP,90000000.0,2000-04-20,94089,194,1112263,2000-10-17,1979.0
WOMN,WOMEN COM NETWORKS INC,37500000.0,1999-05-13,94044,264,1084609,1999-11-09,1983.0
WORK,"SLACK TECHNOLOGIES, INC.",198961796.0,2019-04-26,94105,1664,1764925,2019-10-23,2009.0
XENT,"INTERSECT ENT, INC.",55000000.0,2014-06-23,94025,146,1271214,2014-12-20,2003.0
XNPT,XENOPORT INC,52500000.0,2005-01-19,94063,103,1130591,2005-07-18,1999.0
XPT,LECG INC,40500000.0,1997-10-16,94608,133,1047749,1998-04-14,1988.0
XTLY,XACTLY CORP,56300000.0,2015-05-19,95110,345,1322554,2015-11-15,2005.0
XTNT,XTENT INC,75200000.0,2006-08-07,94025,108,1212235,2007-02-03,2002.0
YDLE,YODLEE INC,75000000.0,2014-06-30,94065,840,1161315,2014-12-27,1999.0
ZEN,"ZENDESK, INC.",99999999.0,2014-04-10,94103,614,1463172,2014-10-07,2007.0
ZGNX,"ZOGENIX, INC.",56000000.0,2010-09-03,94608,145,1375151,2011-03-02,2006.0
ZIPR,ZIPREALTY INC,59150000.0,2004-05-20,94608,919,1142512,2004-11-16,1999.0
ZM,"ZOOM VIDEO COMMUNICATIONS, INC.",751304340.0,2019-03-22,95113,1702,1585521,2019-09-18,2011.0
ZS,"ZSCALER, INC.",192000000.0,2018-02-16,95134,950,1713683,2018-08-15,2008.0
ZSAN,ZOSANO PHARMA CORP,49500000.0,2014-06-24,94555,29,1587221,2014-12-21,2012.0
